-- Complete malware sandbox mock data population

-- Additional malware samples
INSERT INTO malware_samples (id, sample_hash_md5, sample_hash_sha256, sample_name, file_type, file_size, source_type, dpi_session_id, network_source_ip, malware_family, threat_category, severity, is_packed, packer_type, anti_analysis_detected, sandbox_status) VALUES
('bbbbbbbb-bbbb-bbbb-bbbb-bbbbbbbbbbbb', 'a1b2c3d4e5f6', 'f7c3bc1d808e04732adf679965ccc34ca7ae3441bc1c149afbf4c8996fb92427', 'system_update.dll', 'PE32 DLL', 1547892, 'dpi_capture', 'dpi_sess_002', '203.0.113.78', 'ShadowRAT', 'apt', 'critical', false, null, true, 'completed'),
('cccccccc-cccc-cccc-cccc-cccccccccccc', 'x9y8z7w6v5u4', 'bc1d808e04732adf679965ccc34ca7ae3441bc1c149afbf4c8996fb92427ae41', 'nvidia_driver_helper.exe', 'PE32 executable', 3245671, 'dpi_capture', 'dpi_sess_003', '172.16.0.89', 'StealthMiner', 'trojan', 'high', true, 'Themida', false, 'completed');

-- Sandbox sessions
INSERT INTO sandbox_sessions (id, sample_id, session_name, environment_type, vm_id, execution_start, execution_end, execution_duration_seconds, session_status, detonation_method, artifacts_captured, screenshots_captured, memory_dumps, pcap_file_size, ai_analysis_complete, threat_score, confidence_score) VALUES
('aaaaaaaa-aaaa-bbbb-cccc-000000000001', 'aaaaaaaa-aaaa-aaaa-aaaa-aaaaaaaaaaaa', 'RansomCrypt Analysis', 'windows_10', 'vm-001', now() - interval '2 hours', now() - interval '1 hour 50 minutes', 600, 'completed', 'auto_execute', 247, 42, 8, 48572933, true, 98.5, 96.2),
('bbbbbbbb-bbbb-cccc-dddd-000000000002', 'bbbbbbbb-bbbb-bbbb-bbbb-bbbbbbbbbbbb', 'ShadowRAT Analysis', 'windows_11', 'vm-002', now() - interval '1 hour 30 minutes', now() - interval '1 hour 15 minutes', 900, 'completed', 'user_interaction', 189, 28, 6, 35847291, true, 96.8, 94.5),
('cccccccc-cccc-dddd-eeee-000000000003', 'cccccccc-cccc-cccc-cccc-cccccccccccc', 'StealthMiner Analysis', 'windows_10', 'vm-003', now() - interval '1 hour', now() - interval '45 minutes', 900, 'completed', 'auto_execute', 156, 19, 4, 28394756, true, 89.3, 91.7);

-- Kernel Activity for RansomCrypt (Rootkit)
INSERT INTO kernel_activity (session_id, timestamp, activity_type, hook_type, target_function, original_address, hooked_address, threat_indicator, rootkit_behavior) VALUES
('aaaaaaaa-aaaa-bbbb-cccc-000000000001', now() - interval '2 hours', 'hook_install', 'ssdt', 'NtCreateFile', '0x8054A120', '0x12345678', true, true),
('aaaaaaaa-aaaa-bbbb-cccc-000000000001', now() - interval '2 hours' + interval '2 minutes', 'hook_install', 'ssdt', 'NtOpenProcess', '0x8054A340', '0x1234ABCD', true, true),
('aaaaaaaa-aaaa-bbbb-cccc-000000000001', now() - interval '2 hours' + interval '3 minutes', 'hook_install', 'inline', 'ZwQuerySystemInformation', '0x8054B780', '0x1234EF00', true, true),
('aaaaaaaa-aaaa-bbbb-cccc-000000000001', now() - interval '2 hours' + interval '5 minutes', 'interrupt_modify', 'idt', null, null, null, 14, true, true);

-- Process Behavior
INSERT INTO process_behavior (session_id, timestamp, action_type, process_id, process_name, process_path, parent_process_id, parent_process_name, command_line, injection_technique, target_process_id, target_process_name, shellcode_detected, privilege_escalation) VALUES
('aaaaaaaa-aaaa-bbbb-cccc-000000000001', now() - interval '2 hours', 'create', 2456, 'invoice_payment_2024.exe', 'C:\\Users\\User\\Downloads\\invoice_payment_2024.exe', 1234, 'explorer.exe', 'invoice_payment_2024.exe --silent', null, null, null, false, false),
('aaaaaaaa-aaaa-bbbb-cccc-000000000001', now() - interval '2 hours' + interval '5 seconds', 'inject', 2456, 'invoice_payment_2024.exe', 'C:\\Users\\User\\Downloads\\invoice_payment_2024.exe', 1234, 'explorer.exe', null, 'process_hollowing', 3847, 'svchost.exe', true, true),
('aaaaaaaa-aaaa-bbbb-cccc-000000000001', now() - interval '2 hours' + interval '10 seconds', 'inject', 2456, 'invoice_payment_2024.exe', null, 1234, 'explorer.exe', null, 'apc_injection', 3012, 'lsass.exe', true, true),
('bbbbbbbb-bbbb-cccc-dddd-000000000002', now() - interval '1 hour 30 minutes', 'create', 5612, 'rundll32.exe', 'C:\\Windows\\System32\\rundll32.exe', 4523, 'winlogon.exe', null, null, null, null, false, false),
('bbbbbbbb-bbbb-cccc-dddd-000000000002', now() - interval '1 hour 29 minutes', 'inject', 5612, 'rundll32.exe', null, 4523, 'winlogon.exe', 'reflective_loading', 6723, 'explorer.exe', true, false),
('cccccccc-cccc-dddd-eeee-000000000003', now() - interval '1 hour', 'hollow', 7845, 'nvidia_driver_helper.exe', null, 1234, 'explorer.exe', 'process_hollowing', 8923, 'notepad.exe', true, false);

-- Network Behavior
INSERT INTO network_behavior (session_id, timestamp, protocol, source_ip, source_port, dest_ip, dest_port, domain, connection_type, c2_server, encryption_used, encryption_type, bytes_sent, bytes_received) VALUES
('aaaaaaaa-aaaa-bbbb-cccc-000000000001', now() - interval '2 hours' + interval '30 seconds', 'HTTPS', '192.168.1.45', 49821, '185.234.217.43', 443, 'payment-gateway-secure.onion.to', 'c2_beacon', true, true, 'TLS 1.3 + Custom', 2048, 8192),
('aaaaaaaa-aaaa-bbbb-cccc-000000000001', now() - interval '2 hours' + interval '5 minutes', 'HTTPS', '192.168.1.45', 49823, '185.234.217.43', 443, 'payment-gateway-secure.onion.to', 'c2_beacon', true, true, 'TLS 1.3 + Custom', 1024, 4096),
('bbbbbbbb-bbbb-cccc-dddd-000000000002', now() - interval '1 hour 29 minutes', 'HTTPS', '192.168.1.67', 50124, '203.0.113.78', 8443, 'cdn-update-server.com', 'c2_beacon', true, true, 'TLS 1.2', 2048, 8192),
('bbbbbbbb-bbbb-cccc-dddd-000000000002', now() - interval '1 hour 25 minutes', 'DNS', '192.168.1.67', 53, '8.8.8.8', 53, 'c2-exfil-data.attacker.com', 'dns_tunneling', true, false, null, 512, 128),
('cccccccc-cccc-dddd-eeee-000000000003', now() - interval '55 minutes', 'TCP', '192.168.1.89', 45123, '45.142.212.61', 3333, 'pool.minexmr.com', 'c2_beacon', false, false, null, 256000, 128000);

-- File Operations
INSERT INTO file_operations (session_id, timestamp, operation_type, file_path, file_name, file_extension, file_size, process_id, process_name, encryption_detected, ransom_note_created, file_extension_changed, original_extension, new_extension) VALUES
('aaaaaaaa-aaaa-bbbb-cccc-000000000001', now() - interval '1 hour 55 minutes', 'encrypt', 'C:\\Users\\User\\Documents\\report.docx', 'report.docx.ENCRYPTED', '.ENCRYPTED', 45678, 4589, 'encryption_worker.exe', true, false, true, '.docx', '.ENCRYPTED'),
('aaaaaaaa-aaaa-bbbb-cccc-000000000001', now() - interval '1 hour 55 minutes', 'encrypt', 'C:\\Users\\User\\Pictures\\photo.jpg', 'photo.jpg.ENCRYPTED', '.ENCRYPTED', 2847392, 4589, 'encryption_worker.exe', true, false, true, '.jpg', '.ENCRYPTED'),
('aaaaaaaa-aaaa-bbbb-cccc-000000000001', now() - interval '1 hour 54 minutes', 'create', 'C:\\Users\\User\\Desktop\\README_DECRYPT.txt', 'README_DECRYPT.txt', '.txt', 4567, 4589, 'encryption_worker.exe', false, true, false, null, null);

-- Registry Operations
INSERT INTO registry_operations (session_id, timestamp, operation_type, registry_hive, registry_path, value_name, value_type, value_data, process_id, process_name, persistence_technique, autostart_entry) VALUES
('bbbbbbbb-bbbb-cccc-dddd-000000000002', now() - interval '1 hour 28 minutes', 'create', 'HKLM', 'SOFTWARE\\Microsoft\\Windows\\CurrentVersion\\Run', 'SystemUpdateService', 'REG_SZ', 'C:\\Windows\\System\\system_update_service.exe', 6834, 'system_update_service.exe', true, true),
('bbbbbbbb-bbbb-cccc-dddd-000000000002', now() - interval '1 hour 27 minutes', 'create', 'HKLM', 'SYSTEM\\CurrentControlSet\\Services\\UpdateService', 'ImagePath', 'REG_SZ', 'C:\\Windows\\System\\system_update_service.exe', 6834, 'system_update_service.exe', true, true);

-- Memory Analysis
INSERT INTO memory_analysis (session_id, timestamp, analysis_type, process_id, process_name, memory_address, memory_region_size, is_executable, shellcode_detected, shellcode_size, shellcode_hash) VALUES
('aaaaaaaa-aaaa-bbbb-cccc-000000000001', now() - interval '2 hours' + interval '5 seconds', 'injection', 3847, 'svchost.exe', '0x00A50000', 65536, true, true, 4096, 'a1b2c3d4e5f6g7h8'),
('aaaaaaaa-aaaa-bbbb-cccc-000000000001', now() - interval '2 hours' + interval '10 seconds', 'shellcode', 3012, 'lsass.exe', '0x00B70000', 32768, true, true, 2048, 'x1y2z3w4v5u6t7s8'),
('bbbbbbbb-bbbb-cccc-dddd-000000000002', now() - interval '1 hour 29 minutes', 'injection', 6723, 'explorer.exe', '0x00C80000', 81920, true, true, 8192, 'p9q8r7s6t5u4v3w2'),
('cccccccc-cccc-dddd-eeee-000000000003', now() - interval '1 hour', 'injection', 8923, 'notepad.exe', '0x00D90000', 524288, true, true, 16384, 'm5n4o3p2q1r0s9t8');

-- AI Analysis Results
INSERT INTO ai_analysis_results (
  session_id, sample_id, malware_family, family_confidence, malware_category,
  threat_classification, behavior_summary, mitre_attack_techniques,
  capabilities_detected, anti_analysis_techniques, persistence_mechanisms,
  privilege_escalation, defense_evasion, exfiltration_methods, command_control,
  impact_actions, threat_score, confidence_score
) VALUES
('aaaaaaaa-aaaa-bbbb-cccc-000000000001', 'aaaaaaaa-aaaa-aaaa-aaaa-aaaaaaaaaaaa', 'RansomCrypt-X', 96.2, 'Ransomware',
 'Critical Threat', 'Advanced ransomware with kernel-mode rootkit capabilities. Uses SSDT hooking to hide file encryption operations. Implements process hollowing for code injection into legitimate system processes. C2 communication over TOR hidden services. Multi-threaded file encryption using AES-256 + RSA-4096.',
 '[{"id": "T1486", "name": "Data Encrypted for Impact"}, {"id": "T1055", "name": "Process Injection"}, {"id": "T1014", "name": "Rootkit"}, {"id": "T1082", "name": "System Information Discovery"}, {"id": "T1071", "name": "Application Layer Protocol"}]'::jsonb,
 '["File Encryption (AES-256 + RSA-4096)", "Kernel Rootkit (SSDT Hooks)", "Process Hollowing Injection", "Anti-VM Detection", "Network Communication (TOR)", "Ransom Note Generation", "Volume Shadow Copy Deletion", "Safe Mode Boot Prevention"]'::jsonb,
 '["VM Detection (CPUID, Registry)", "Debugger Detection (IsDebuggerPresent)", "Sandbox Detection (Sleep Acceleration)", "SSDT Hook Installation", "IDT Modification"]'::jsonb,
 '["Malicious Driver Installation", "Registry Run Key", "Service Creation"]'::jsonb,
 '["Process Token Manipulation", "LSASS Memory Access"]'::jsonb,
 '["SSDT Hooking", "Process Hollowing", "Code Obfuscation", "Anti-Forensics"]'::jsonb,
 '["C2 over TOR Hidden Service", "HTTPS with Custom Encryption"]'::jsonb,
 '["HTTP/HTTPS", "TOR Hidden Service Communication"]'::jsonb,
 '["Mass File Encryption", "Shadow Copy Deletion", "Backup Destruction", "Ransom Demand"]'::jsonb,
 98.5, 96.2),
('bbbbbbbb-bbbb-cccc-dddd-000000000002', 'bbbbbbbb-bbbb-bbbb-bbbb-bbbbbbbbbbbb', 'ShadowRAT', 94.5, 'APT Backdoor',
 'Critical APT Threat', 'Sophisticated nation-state backdoor with advanced anti-forensics. Reflective DLL loading avoids disk artifacts. DNS tunneling for covert C2. Multiple persistence mechanisms including service creation and registry modifications. Credential harvesting from LSASS memory.',
 '[{"id": "T1055", "name": "Process Injection"}, {"id": "T1547.001", "name": "Registry Run Keys"}, {"id": "T1071.004", "name": "DNS Tunneling"}, {"id": "T1003", "name": "Credential Dumping"}, {"id": "T1562", "name": "Impair Defenses"}]'::jsonb,
 '["Reflective DLL Loading", "DNS Tunneling", "Credential Theft", "Keylogging", "Screen Capture", "Lateral Movement", "Windows Defender Evasion"]'::jsonb,
 '["Reflective Loading (No Disk Artifacts)", "API Unhooking", "ETW Patching", "AMSI Bypass"]'::jsonb,
 '["Service Installation", "Registry Run Key", "Scheduled Task", "WMI Event Subscription"]'::jsonb,
 '["Token Impersonation", "Credential Theft from LSASS"]'::jsonb,
 '["Windows Defender Exclusion", "ETW Bypass", "AMSI Disable"]'::jsonb,
 '["DNS Tunneling", "HTTPS C2 Communication"]'::jsonb,
 '["HTTP/HTTPS", "DNS Protocol Abuse"]'::jsonb,
 '["Data Theft", "Credential Harvesting", "Lateral Movement Preparation"]'::jsonb,
 96.8, 94.5),
('cccccccc-cccc-dddd-eeee-000000000003', 'cccccccc-cccc-cccc-cccc-cccccccccccc', 'StealthMiner', 91.7, 'Cryptominer Trojan',
 'High Severity Cryptominer', 'Stealthy cryptocurrency miner using process hollowing to inject into legitimate Windows processes. Implements anti-analysis techniques and VM detection. Connects to Monero mining pool. CPU throttling to avoid detection through performance monitoring.',
 '[{"id": "T1055", "name": "Process Injection"}, {"id": "T1496", "name": "Resource Hijacking"}, {"id": "T1497", "name": "Virtualization/Sandbox Evasion"}, {"id": "T1027", "name": "Obfuscated Files or Information"}]'::jsonb,
 '["Cryptocurrency Mining (Monero)", "Process Hollowing", "CPU Affinity Manipulation", "Anti-VM Detection", "Watchdog Process"]'::jsonb,
 '["VM Detection (CPUID, DMI)", "Sandbox Detection", "Debugger Detection"]'::jsonb,
 '["WMI Event Subscription", "Scheduled Task"]'::jsonb,
 '[]'::jsonb,
 '["Process Hollowing", "Packer Obfuscation (Themida)"]'::jsonb,
 '[]'::jsonb,
 '["Direct TCP Connection to Mining Pool"]'::jsonb,
 '["CPU Resource Hijacking", "System Performance Degradation"]'::jsonb,
 89.3, 91.7);
