/*
  # Populate Glasswing Mythos Pipeline Demo Data

  1. Data Seeded
    - `glasswing_scan_runs`: 3 completed scan runs across different codebases
    - `glasswing_findings`: 12 realistic vulnerability findings with exploit chains
    - `glasswing_root_causes`: 6 deduplicated root cause groups
    - `glasswing_reachability`: Reachability assessments for root causes
    - `glasswing_exploit_chains`: 4 multi-step exploit chains
    - `glasswing_patches`: Auto-generated patches for critical findings
    - `glasswing_waf_rules`: Virtual patch WAF rules

  2. Purpose
    - Demonstrates the full Mythos 5-stage triage pipeline in the UI
    - Shows realistic vulnerability data from autonomous scanning
    - Provides demo content for the MythosPipelineView component
*/

-- Scan Runs
INSERT INTO glasswing_scan_runs (id, codebase, started_at, completed_at, hunt_agents_count, findings_total, findings_critical, findings_exploitable, root_causes_new, patches_auto_generated, waf_rules_deployed, status, config)
VALUES
  ('a1000001-0000-0000-0000-000000000001', 'payment-gateway-v3', now() - interval '4 hours', now() - interval '3 hours', 50, 47, 8, 12, 6, 4, 3, 'completed', '{"depth": "full", "model": "mythos-preview", "scope": ["src/", "lib/", "api/"], "languages": ["typescript", "python"]}'),
  ('a1000001-0000-0000-0000-000000000002', 'identity-service', now() - interval '8 hours', now() - interval '6 hours', 50, 31, 5, 7, 4, 3, 2, 'completed', '{"depth": "full", "model": "mythos-preview", "scope": ["src/", "internal/"], "languages": ["go", "rust"]}'),
  ('a1000001-0000-0000-0000-000000000003', 'data-pipeline-etl', now() - interval '2 hours', now() - interval '1 hour', 50, 23, 3, 5, 3, 2, 1, 'completed', '{"depth": "targeted", "model": "mythos-preview", "scope": ["ingestion/", "transforms/"], "languages": ["python", "sql"]}')
ON CONFLICT (id) DO NOTHING;

-- Root Causes
INSERT INTO glasswing_root_causes (id, title, vuln_class, pattern_signature, finding_count, severity, codebases_affected, blast_radius_score, reachability_score, priority_score, status, created_at)
VALUES
  ('b1000001-0000-0000-0000-000000000001', 'Unsafe deserialization in request body parsing', 'CWE-502', 'deserialize(untrusted_input, allow_classes=True)', 4, 'critical', '["payment-gateway-v3", "identity-service"]', 9.2, 0.94, 98.5, 'triaged', now() - interval '3 hours'),
  ('b1000001-0000-0000-0000-000000000002', 'SQL injection via template string interpolation', 'CWE-89', 'f"SELECT * FROM {table} WHERE id = {user_input}"', 3, 'critical', '["data-pipeline-etl"]', 8.7, 0.88, 95.2, 'triaged', now() - interval '3 hours'),
  ('b1000001-0000-0000-0000-000000000003', 'JWT signature bypass via algorithm confusion', 'CWE-347', 'jwt.decode(token, algorithms=["HS256","none"])', 2, 'critical', '["identity-service"]', 9.5, 0.91, 97.8, 'patched', now() - interval '6 hours'),
  ('b1000001-0000-0000-0000-000000000004', 'Server-side request forgery in webhook handler', 'CWE-918', 'requests.get(user_controlled_url, follow_redirects=True)', 3, 'high', '["payment-gateway-v3"]', 7.8, 0.72, 82.1, 'triaged', now() - interval '4 hours'),
  ('b1000001-0000-0000-0000-000000000005', 'Race condition in balance update logic', 'CWE-362', 'balance = get_balance(); balance += amount; set_balance(balance)', 2, 'high', '["payment-gateway-v3"]', 8.1, 0.65, 78.4, 'investigating', now() - interval '4 hours'),
  ('b1000001-0000-0000-0000-000000000006', 'Path traversal in file upload sanitization', 'CWE-22', 'os.path.join(base_dir, user_filename)', 2, 'high', '["data-pipeline-etl"]', 6.9, 0.58, 71.3, 'triaged', now() - interval '2 hours')
ON CONFLICT (id) DO NOTHING;

-- Findings
INSERT INTO glasswing_findings (id, finding_id, codebase, file_path, line_start, line_end, vuln_class, severity, confidence, exploit_chain_id, chain_position, chain_depth, poc_code, hunt_agent_id, description, remediation_suggestion, status, ingested_at, root_cause_group_id, scan_run_id, title)
VALUES
  ('c1000001-0000-0000-0000-000000000001', 'MYTHOS-2026-0001', 'payment-gateway-v3', 'src/handlers/webhook.py', 142, 158, 'CWE-502', 'critical', 0.97, 'chain-001', 1, 3, 'import pickle; payload = pickle.loads(base64.b64decode(request.body))', 'hunt-agent-07', 'Untrusted pickle deserialization in webhook payload handler allows arbitrary code execution', 'Use json.loads() or implement a safe deserializer with allowlisted classes', 'confirmed', now() - interval '3 hours', 'b1000001-0000-0000-0000-000000000001', 'a1000001-0000-0000-0000-000000000001', 'RCE via Pickle Deserialization in Webhook Handler'),
  ('c1000001-0000-0000-0000-000000000002', 'MYTHOS-2026-0002', 'payment-gateway-v3', 'src/api/transfers.py', 89, 102, 'CWE-362', 'high', 0.92, 'chain-001', 2, 3, E'balance = db.get_balance(account_id)\nbalance += amount\ndb.set_balance(account_id, balance)', 'hunt-agent-12', 'TOCTOU race condition in transfer logic enables double-spend attack', 'Use SELECT FOR UPDATE or atomic increment operations', 'confirmed', now() - interval '3 hours', 'b1000001-0000-0000-0000-000000000005', 'a1000001-0000-0000-0000-000000000001', 'Double-Spend Race Condition in Transfer API'),
  ('c1000001-0000-0000-0000-000000000003', 'MYTHOS-2026-0003', 'payment-gateway-v3', 'src/handlers/callback.py', 201, 215, 'CWE-918', 'high', 0.89, 'chain-001', 3, 3, 'resp = requests.get(callback_url, allow_redirects=True, timeout=30)', 'hunt-agent-22', 'SSRF in payment callback handler allows internal network scanning and cloud metadata access', 'Validate URL against allowlist, disable redirects, block RFC1918 ranges', 'confirmed', now() - interval '3 hours', 'b1000001-0000-0000-0000-000000000004', 'a1000001-0000-0000-0000-000000000001', 'SSRF in Payment Callback Handler'),
  ('c1000001-0000-0000-0000-000000000004', 'MYTHOS-2026-0004', 'identity-service', 'internal/auth/jwt.go', 67, 84, 'CWE-347', 'critical', 0.98, 'chain-002', 1, 2, E'token, err := jwt.Parse(tokenStr, keyFunc, jwt.WithValidMethods([]string{"HS256","RS256","none"}))', 'hunt-agent-03', 'Algorithm confusion attack allows forging JWT tokens with "none" algorithm', 'Remove "none" from allowed algorithms list, enforce RS256 only', 'patched', now() - interval '6 hours', 'b1000001-0000-0000-0000-000000000003', 'a1000001-0000-0000-0000-000000000002', 'JWT Algorithm Confusion Bypass'),
  ('c1000001-0000-0000-0000-000000000005', 'MYTHOS-2026-0005', 'identity-service', 'internal/auth/session.go', 134, 148, 'CWE-384', 'high', 0.85, 'chain-002', 2, 2, E'session.Token = generateToken()\n// old session not invalidated', 'hunt-agent-03', 'Session fixation: old session tokens remain valid after privilege escalation', 'Invalidate all prior sessions on role change or re-authentication', 'confirmed', now() - interval '6 hours', NULL, 'a1000001-0000-0000-0000-000000000002', 'Session Fixation After Privilege Change'),
  ('c1000001-0000-0000-0000-000000000006', 'MYTHOS-2026-0006', 'identity-service', 'internal/api/users.go', 223, 241, 'CWE-502', 'critical', 0.94, NULL, NULL, NULL, E'var user User\nif err := gob.NewDecoder(r.Body).Decode(&user); err != nil {', 'hunt-agent-18', 'Gob deserialization of untrusted request body enables type confusion attacks', 'Use JSON with strict schema validation instead of gob for external inputs', 'confirmed', now() - interval '6 hours', 'b1000001-0000-0000-0000-000000000001', 'a1000001-0000-0000-0000-000000000002', 'Type Confusion via Gob Deserialization'),
  ('c1000001-0000-0000-0000-000000000007', 'MYTHOS-2026-0007', 'data-pipeline-etl', 'ingestion/sql_loader.py', 56, 72, 'CWE-89', 'critical', 0.96, 'chain-003', 1, 2, E'query = f"INSERT INTO {schema}.{table} SELECT * FROM staging WHERE source = \\''{source}\\''\"', 'hunt-agent-31', 'SQL injection via f-string interpolation in ETL loader allows data exfiltration', 'Use parameterized queries or prepared statements', 'confirmed', now() - interval '2 hours', 'b1000001-0000-0000-0000-000000000002', 'a1000001-0000-0000-0000-000000000003', 'SQL Injection in ETL SQL Loader'),
  ('c1000001-0000-0000-0000-000000000008', 'MYTHOS-2026-0008', 'data-pipeline-etl', 'ingestion/file_handler.py', 31, 45, 'CWE-22', 'high', 0.88, 'chain-003', 2, 2, E'output_path = os.path.join(DATA_DIR, filename)\nwith open(output_path, "wb") as f:', 'hunt-agent-31', 'Path traversal in file upload allows overwriting pipeline configs', 'Use secure_filename() and verify resolved path stays within DATA_DIR', 'confirmed', now() - interval '2 hours', 'b1000001-0000-0000-0000-000000000006', 'a1000001-0000-0000-0000-000000000003', 'Path Traversal in File Upload Handler'),
  ('c1000001-0000-0000-0000-000000000009', 'MYTHOS-2026-0009', 'data-pipeline-etl', 'transforms/dynamic_eval.py', 88, 99, 'CWE-94', 'critical', 0.93, 'chain-004', 1, 2, E'result = eval(transform_expression, {"__builtins__": {}}, context)', 'hunt-agent-44', 'Code injection via eval() in dynamic transform expressions despite builtins restriction', 'Replace eval with AST-based safe expression evaluator', 'confirmed', now() - interval '2 hours', 'b1000001-0000-0000-0000-000000000002', 'a1000001-0000-0000-0000-000000000003', 'Code Injection via eval() in Transform Engine'),
  ('c1000001-0000-0000-0000-000000000010', 'MYTHOS-2026-0010', 'payment-gateway-v3', 'src/middleware/auth.py', 45, 62, 'CWE-287', 'high', 0.87, NULL, NULL, NULL, 'if hmac.compare_digest(sig, expected_sig) or bypass_mode:', 'hunt-agent-15', 'Authentication bypass via debug mode flag left in production middleware', 'Remove bypass_mode condition, add deploy-time check for debug flags', 'confirmed', now() - interval '4 hours', NULL, 'a1000001-0000-0000-0000-000000000001', 'Auth Bypass via Debug Mode in Middleware'),
  ('c1000001-0000-0000-0000-000000000011', 'MYTHOS-2026-0011', 'payment-gateway-v3', 'lib/crypto/sign.py', 112, 128, 'CWE-326', 'medium', 0.82, NULL, NULL, NULL, 'key = RSA.generate(1024)', 'hunt-agent-28', 'Weak 1024-bit RSA key generation for transaction signing', 'Upgrade to minimum 2048-bit RSA or switch to Ed25519', 'confirmed', now() - interval '4 hours', NULL, 'a1000001-0000-0000-0000-000000000001', 'Weak RSA Key Size for Transaction Signing'),
  ('c1000001-0000-0000-0000-000000000012', 'MYTHOS-2026-0012', 'identity-service', 'internal/store/cache.go', 178, 195, 'CWE-200', 'medium', 0.79, NULL, NULL, NULL, E'cache.Set(fmt.Sprintf("user:%s", userId), userData, 24*time.Hour)', 'hunt-agent-09', 'Sensitive user data cached without encryption, accessible via cache-timing side channel', 'Encrypt cached values at rest or reduce cache TTL for sensitive fields', 'confirmed', now() - interval '6 hours', NULL, 'a1000001-0000-0000-0000-000000000002', 'Unencrypted PII in Cache Layer')
ON CONFLICT (id) DO NOTHING;

-- Exploit Chains
INSERT INTO glasswing_exploit_chains (id, chain_name, chain_depth, findings, entry_point, final_impact, combined_cvss, mitre_techniques, affected_assets, status, created_at, combined_confidence)
VALUES
  ('d1000001-0000-0000-0000-000000000001', 'Webhook RCE to Internal Network Pivot', 3, '["c1000001-0000-0000-0000-000000000001","c1000001-0000-0000-0000-000000000002","c1000001-0000-0000-0000-000000000003"]', 'POST /api/v1/webhooks/payment-callback', 'Full RCE on payment server + SSRF to cloud metadata + double-spend capability', 9.8, '["T1190","T1055","T1557"]', '["payment-gateway-prod-01","payment-gateway-prod-02","internal-vpc"]', 'confirmed', now() - interval '3 hours', 0.93),
  ('d1000001-0000-0000-0000-000000000002', 'JWT Forgery to Session Takeover', 2, '["c1000001-0000-0000-0000-000000000004","c1000001-0000-0000-0000-000000000005"]', 'POST /api/auth/login', 'Forge admin JWT + maintain persistence via unfixed sessions', 9.6, '["T1078","T1134","T1098"]', '["identity-service-prod","all-downstream-services"]', 'confirmed', now() - interval '6 hours', 0.96),
  ('d1000001-0000-0000-0000-000000000003', 'ETL Injection to Data Exfiltration', 2, '["c1000001-0000-0000-0000-000000000007","c1000001-0000-0000-0000-000000000008"]', 'File upload to /ingestion/upload', 'SQL injection + path traversal enables full database dump and config overwrite', 9.1, '["T1190","T1005","T1048"]', '["etl-worker-01","data-warehouse","staging-db"]', 'confirmed', now() - interval '2 hours', 0.91),
  ('d1000001-0000-0000-0000-000000000004', 'Dynamic Eval RCE Chain', 2, '["c1000001-0000-0000-0000-000000000009","c1000001-0000-0000-0000-000000000007"]', 'POST /transforms/apply', 'Code execution via eval bypass + lateral movement to database', 9.4, '["T1059","T1210","T1046"]', '["etl-worker-01","etl-worker-02","staging-db"]', 'confirmed', now() - interval '2 hours', 0.92)
ON CONFLICT (id) DO NOTHING;

-- Reachability assessments
INSERT INTO glasswing_reachability (id, root_cause_id, finding_id, is_reachable, reachability_score, attack_surface_entry, traffic_volume_24h, last_seen_traffic, call_chain, network_exposure, verified_at, attacker_controlled_params)
VALUES
  ('e1000001-0000-0000-0000-000000000001', 'b1000001-0000-0000-0000-000000000001', 'c1000001-0000-0000-0000-000000000001', true, 0.94, 'POST /api/v1/webhooks/payment-callback', 12847, now() - interval '12 minutes', '["nginx-ingress","api-gateway","webhook-handler","pickle.loads"]', 'internet-facing', now() - interval '3 hours', '["body.payload", "body.callback_data"]'),
  ('e1000001-0000-0000-0000-000000000002', 'b1000001-0000-0000-0000-000000000002', 'c1000001-0000-0000-0000-000000000007', true, 0.88, 'POST /ingestion/load', 3421, now() - interval '45 minutes', '["load-balancer","ingestion-api","sql_loader.execute"]', 'internal-vpn', now() - interval '2 hours', '["body.source", "body.schema", "body.table"]'),
  ('e1000001-0000-0000-0000-000000000003', 'b1000001-0000-0000-0000-000000000003', 'c1000001-0000-0000-0000-000000000004', true, 0.91, 'POST /api/auth/login', 89234, now() - interval '2 minutes', '["cdn","api-gateway","auth-handler","jwt.Parse"]', 'internet-facing', now() - interval '6 hours', '["header.Authorization"]'),
  ('e1000001-0000-0000-0000-000000000004', 'b1000001-0000-0000-0000-000000000004', 'c1000001-0000-0000-0000-000000000003', true, 0.72, 'POST /api/v1/callbacks/register', 1893, now() - interval '2 hours', '["nginx-ingress","api-gateway","callback-handler","requests.get"]', 'internet-facing', now() - interval '4 hours', '["body.callback_url"]'),
  ('e1000001-0000-0000-0000-000000000005', 'b1000001-0000-0000-0000-000000000005', 'c1000001-0000-0000-0000-000000000002', true, 0.65, 'POST /api/v1/transfers', 45678, now() - interval '5 minutes', '["cdn","api-gateway","transfer-handler","db.get_balance"]', 'internet-facing', now() - interval '4 hours', '["body.amount", "body.to_account"]'),
  ('e1000001-0000-0000-0000-000000000006', 'b1000001-0000-0000-0000-000000000006', 'c1000001-0000-0000-0000-000000000008', false, 0.58, 'POST /ingestion/upload', 287, now() - interval '6 hours', '["vpn-gateway","ingestion-api","file_handler.save"]', 'internal-vpn', now() - interval '2 hours', '["multipart.filename"]')
ON CONFLICT (id) DO NOTHING;

-- Patches
INSERT INTO glasswing_patches (id, root_cause_id, finding_id, patch_type, patch_code, patch_diff, regression_test_code, regression_test_passed, breaking_change, review_status, generated_by, created_at, target_file, target_codebase)
VALUES
  ('f1000001-0000-0000-0000-000000000001', 'b1000001-0000-0000-0000-000000000003', 'c1000001-0000-0000-0000-000000000004', 'safe_additive', E'token, err := jwt.Parse(tokenStr, keyFunc, jwt.WithValidMethods([]string{"RS256"}))', E'--- a/internal/auth/jwt.go\n+++ b/internal/auth/jwt.go\n@@ -67,7 +67,7 @@\n-\ttoken, err := jwt.Parse(tokenStr, keyFunc, jwt.WithValidMethods([]string{"HS256","RS256","none"}))\n+\ttoken, err := jwt.Parse(tokenStr, keyFunc, jwt.WithValidMethods([]string{"RS256"}))', E'func TestJWTAlgorithmRestriction(t *testing.T) {\n\tnoneToken := jwt.NewWithClaims(jwt.SigningMethodNone, claims)\n\t_, err := validateToken(noneToken.Raw)\n\tassert.ErrorContains(t, err, "signing method none is invalid")\n}', true, false, 'approved', 'mythos-preview', now() - interval '6 hours', 'internal/auth/jwt.go', 'identity-service'),
  ('f1000001-0000-0000-0000-000000000002', 'b1000001-0000-0000-0000-000000000001', 'c1000001-0000-0000-0000-000000000001', 'safe_additive', E'import json\npayload = json.loads(request.body)\nvalidate(payload, WEBHOOK_SCHEMA)', E'--- a/src/handlers/webhook.py\n+++ b/src/handlers/webhook.py\n@@ -142,4 +142,6 @@\n-import pickle\n-payload = pickle.loads(base64.b64decode(request.body))\n+import json\n+from jsonschema import validate\n+payload = json.loads(request.body)\n+validate(payload, WEBHOOK_SCHEMA)', E'def test_no_pickle_deserialization():\n    malicious = base64.b64encode(pickle.dumps(MaliciousClass()))\n    response = client.post("/webhooks", data=malicious)\n    assert response.status_code == 400', true, false, 'pending_review', 'mythos-preview', now() - interval '3 hours', 'src/handlers/webhook.py', 'payment-gateway-v3'),
  ('f1000001-0000-0000-0000-000000000003', 'b1000001-0000-0000-0000-000000000002', 'c1000001-0000-0000-0000-000000000007', 'safe_additive', E'from sqlalchemy import text\nquery = text("INSERT INTO :schema.:table SELECT * FROM staging WHERE source = :source")\ndb.execute(query, {"schema": schema, "table": table, "source": source})', E'--- a/ingestion/sql_loader.py\n+++ b/ingestion/sql_loader.py\n@@ -56,4 +56,6 @@\n-query = f"INSERT INTO {schema}.{table} ..."\n+from sqlalchemy import text\n+query = text("INSERT INTO :schema.:table ...")\n+db.execute(query, params)', E'def test_sql_injection_blocked():\n    malicious_source = "x; DROP TABLE users; --"\n    with pytest.raises(Exception):\n        load_data(schema="public", table="events", source=malicious_source)', true, false, 'pending_review', 'mythos-preview', now() - interval '2 hours', 'ingestion/sql_loader.py', 'data-pipeline-etl'),
  ('f1000001-0000-0000-0000-000000000004', 'b1000001-0000-0000-0000-000000000004', 'c1000001-0000-0000-0000-000000000003', 'virtual_patch', E'SecRule ARGS:callback_url "@rx (127\\\\.|10\\\\.|172\\\\.(1[6-9]|2|3[01])\\\\.|192\\\\.168\\\\.|169\\\\.254\\\\.)" "id:100001,deny,status:403"', NULL, NULL, NULL, false, 'deployed', 'mythos-preview', now() - interval '4 hours', 'waf/rules/ssrf-block.conf', 'payment-gateway-v3')
ON CONFLICT (id) DO NOTHING;

-- WAF Rules
INSERT INTO glasswing_waf_rules (id, root_cause_id, exploit_chain_id, rule_type, rule_expression, rule_description, blocked_requests_count, false_positive_count, is_active, deployed_at, expires_at, blocks_24h, false_positive_rate)
VALUES
  ('aa000001-0000-0000-0000-000000000001', 'b1000001-0000-0000-0000-000000000004', 'd1000001-0000-0000-0000-000000000001', 'modsecurity', 'SecRule ARGS:callback_url "@rx (127\.|10\.|172\.(1[6-9]|2|3[01])\.|192\.168\.|169\.254\.)" "id:100001,deny,status:403"', 'Block SSRF attempts via internal IP ranges in callback URLs', 347, 2, true, now() - interval '4 hours', now() + interval '30 days', 347, 0.006),
  ('aa000001-0000-0000-0000-000000000002', 'b1000001-0000-0000-0000-000000000001', 'd1000001-0000-0000-0000-000000000001', 'modsecurity', 'SecRule REQUEST_BODY "@contains pickle" "id:100002,deny,status:403,msg:Pickle payload detected"', 'Block pickle-serialized payloads in request bodies', 89, 0, true, now() - interval '3 hours', now() + interval '30 days', 89, 0.0),
  ('aa000001-0000-0000-0000-000000000003', 'b1000001-0000-0000-0000-000000000002', 'd1000001-0000-0000-0000-000000000003', 'cloudflare_waf', 'http.request.body contains "COPY" and http.request.body contains "TO" and http.request.uri.path eq "/ingestion/load"', 'Block SQL COPY command injection in ETL ingestion endpoint', 23, 1, true, now() - interval '2 hours', now() + interval '14 days', 23, 0.043)
ON CONFLICT (id) DO NOTHING;